{"Epoch": 99, "Train Loss": 0.11119678310696895, "Train ROC-AUC": {"rocauc": 0.8515321632486683}, "Val ROC-AUC": {"rocauc": 0.8209968400940623}, "Test ROC-AUC": {"rocauc": 0.7610633654570385}, "_runtime": 1863, "_timestamp": 1616331881, "_step": 99}