{"Epoch": 99, "Train Loss": 0.11026414036990835, "Train ROC-AUC": {"rocauc": 0.857597142705411}, "Val ROC-AUC": {"rocauc": 0.8200813247109543}, "Test ROC-AUC": {"rocauc": 0.7547442013171362}, "_runtime": 1870, "_timestamp": 1616323892, "_step": 99}